new_filename,label,confidence,agreement
1736.jpeg,virus,0.9973912479999999,5.0
3397.jpeg,bacteria,0.979235506,5.0
1446.jpeg,virus,0.94083984,5.0
4619.jpeg,bacteria,0.9973818659999999,5.0
5639.jpeg,bacteria,0.9973191,5.0
956.jpeg,normal,0.9974149459999999,5.0
4151.jpeg,bacteria,0.998404788,5.0
676.jpeg,normal,0.9951353900000001,5.0
4821.jpeg,bacteria,0.99300532,5.0
632.jpeg,normal,0.9994181879999999,5.0
1263.jpeg,normal,0.99394116,5.0
2044.jpeg,bacteria,0.9911999,5.0
1819.jpeg,bacteria,0.9978686800000001,5.0
3065.jpeg,bacteria,0.9887208600000001,5.0
5690.jpeg,bacteria,0.9968299,5.0
2675.jpeg,bacteria,0.99174556,5.0
2466.jpeg,bacteria,0.97721148,5.0
3369.jpeg,bacteria,0.9965599059999999,5.0
2959.jpeg,virus,0.9920890800000001,5.0
3977.jpeg,bacteria,0.988371026,5.0
2653.jpeg,virus,0.9874488720000001,5.0
4033.jpeg,bacteria,0.9974179599999999,5.0
1739.jpeg,virus,0.998147666,5.0
2871.jpeg,virus,0.9970966600000001,5.0
2142.jpeg,virus,0.9959066,5.0
747.jpeg,normal,0.98434931,5.0
4466.jpeg,bacteria,0.9909028599999999,5.0
2765.jpeg,bacteria,0.99237986,5.0
1761.jpeg,virus,0.99433218,5.0
3447.jpeg,bacteria,0.980324828,5.0
3093.jpeg,bacteria,0.9937380000000001,5.0
1345.jpeg,normal,0.9974273,5.0
4070.jpeg,bacteria,0.9932729800000001,5.0
2158.jpeg,bacteria,0.99646846,5.0
2420.jpeg,bacteria,0.99457168,5.0
3121.jpeg,bacteria,0.9967069860000001,5.0
3021.jpeg,bacteria,0.9956195600000001,5.0
2718.jpeg,bacteria,0.990009892,5.0
5751.jpeg,bacteria,0.99695362,5.0
3971.jpeg,bacteria,0.9952750079999999,5.0
175.jpeg,normal,0.9967209699999999,5.0
5009.jpeg,virus,0.9621421800000001,5.0
5623.jpeg,bacteria,0.9922618599999999,5.0
5210.jpeg,virus,0.99818809,5.0
4436.jpeg,bacteria,0.995703972,5.0
2893.jpeg,bacteria,0.9963179459999999,5.0
716.jpeg,normal,0.99926616,5.0
5536.jpeg,virus,0.874351888,4.0
2464.jpeg,bacteria,0.99247,5.0
1863.jpeg,bacteria,0.9813151720000001,5.0
3481.jpeg,bacteria,0.9966800339999999,5.0
194.jpeg,normal,0.9914759199999998,5.0
1662.jpeg,virus,0.98593302,5.0
3952.jpeg,virus,0.9961726000000001,5.0
2166.jpeg,virus,0.9861301600000001,5.0
3762.jpeg,bacteria,0.97011954,5.0
5694.jpeg,bacteria,0.99706274,5.0
1048.jpeg,normal,0.996928346,5.0
204.jpeg,normal,0.99847986,5.0
1486.jpeg,bacteria,0.995420194,5.0
5172.jpeg,virus,0.9979473600000001,5.0
512.jpeg,normal,0.9937675200000001,5.0
441.jpeg,normal,0.9977641800000001,5.0
3848.jpeg,bacteria,0.99461482,5.0
1459.jpeg,bacteria,0.8374912240000001,4.0
3039.jpeg,bacteria,0.9875915880000001,5.0
2405.jpeg,bacteria,0.94280682,5.0
3522.jpeg,bacteria,0.9462846199999999,5.0
3943.jpeg,bacteria,0.99798148,5.0
598.jpeg,normal,0.9968702799999999,5.0
2791.jpeg,bacteria,0.9958932199999999,5.0
1368.jpeg,normal,0.978013408,5.0
5860.jpeg,bacteria,0.94639994,5.0
1574.jpeg,virus,0.997254134,5.0
989.jpeg,normal,0.98136952,5.0
1684.jpeg,bacteria,0.99677796,5.0
5143.jpeg,virus,0.9917625000000001,5.0
1350.jpeg,normal,0.998310328,5.0
2695.jpeg,virus,0.8891161139999999,4.0
397.jpeg,normal,0.9850628799999999,5.0
3782.jpeg,bacteria,0.9978792999999999,5.0
5803.jpeg,virus,0.9986822719999999,5.0
2995.jpeg,bacteria,0.9942978400000001,5.0
4664.jpeg,bacteria,0.994938314,5.0
3046.jpeg,bacteria,0.9984865660000001,5.0
655.jpeg,normal,0.9975635199999999,5.0
3150.jpeg,virus,0.96427288,5.0
1559.jpeg,bacteria,0.84777448,4.0
172.jpeg,normal,0.9982234720000001,5.0
3520.jpeg,bacteria,0.9882100399999999,5.0
304.jpeg,normal,0.997244788,5.0
4098.jpeg,virus,0.9962858600000001,5.0
4304.jpeg,bacteria,0.99454616,5.0
3996.jpeg,bacteria,0.9961553200000001,5.0
1774.jpeg,virus,0.993403972,5.0
2105.jpeg,bacteria,0.9954110199999999,5.0
4832.jpeg,virus,0.98980099,5.0
3476.jpeg,bacteria,0.9958001,5.0
3744.jpeg,virus,0.987292648,5.0
3290.jpeg,bacteria,0.99618178,5.0
4988.jpeg,bacteria,0.99375594,5.0
5804.jpeg,virus,0.9820489,5.0
1695.jpeg,bacteria,0.92794615,5.0
3635.jpeg,bacteria,0.9931312,5.0
4474.jpeg,bacteria,0.99744884,5.0
1756.jpeg,bacteria,0.9231419800000001,5.0
3101.jpeg,bacteria,0.9965222199999999,5.0
3786.jpeg,bacteria,0.95619253,5.0
4271.jpeg,bacteria,0.9933110199999999,5.0
2191.jpeg,virus,0.9951623319999999,5.0
4370.jpeg,bacteria,0.997252834,5.0
445.jpeg,normal,0.9983456399999999,5.0
3331.jpeg,bacteria,0.979159772,5.0
864.jpeg,normal,0.99870366,5.0
3455.jpeg,virus,0.9963825,5.0
2570.jpeg,bacteria,0.9894166999999999,5.0
5478.jpeg,normal,0.99697246,5.0
4953.jpeg,bacteria,0.9980041500000001,5.0
3984.jpeg,bacteria,0.988183212,5.0
3408.jpeg,bacteria,0.9978667399999999,5.0
278.jpeg,normal,0.99604137,5.0
10.jpeg,COVID-19,0.9949636,5.0
4375.jpeg,bacteria,0.997777474,5.0
5814.jpeg,virus,0.9963245860000001,5.0
2190.jpeg,bacteria,0.9961390800000001,5.0
4114.jpeg,normal,0.971546948,5.0
2039.jpeg,virus,0.9985262880000001,5.0
1282.jpeg,normal,0.9976388700000001,5.0
4237.jpeg,virus,0.990242172,5.0
2890.jpeg,virus,0.9965228679999999,5.0
2757.jpeg,virus,0.906826,5.0
4801.jpeg,virus,0.99112002,5.0
4274.jpeg,bacteria,0.97880342,5.0
4238.jpeg,bacteria,0.99566262,5.0
3003.jpeg,bacteria,0.9877724999999999,5.0
308.jpeg,normal,0.9948048400000001,5.0
3603.jpeg,bacteria,0.9009895199999999,5.0
5079.jpeg,bacteria,0.876283454,4.0
1077.jpeg,normal,0.9968001120000001,5.0
213.jpeg,normal,0.997388648,5.0
5718.jpeg,bacteria,0.997032046,5.0
5201.jpeg,virus,0.9913902,5.0
3025.jpeg,bacteria,0.997674572,5.0
1201.jpeg,normal,0.9951043479999999,5.0
2656.jpeg,virus,0.9939096920000001,5.0
1151.jpeg,normal,0.99959154,5.0
1398.jpeg,normal,0.9931838,5.0
3871.jpeg,bacteria,0.8259886120000001,4.0
1217.jpeg,normal,0.9978306299999999,5.0
3037.jpeg,bacteria,0.97192968,5.0
2878.jpeg,virus,0.9974226720000001,5.0
4289.jpeg,bacteria,0.9970334879999999,5.0
631.jpeg,normal,0.9984336739999999,5.0
7.jpg,COVID-19,0.99811338,5.0
3500.jpeg,virus,0.9869590519999999,5.0
1855.jpeg,bacteria,0.9942439999999999,5.0
3909.jpeg,virus,0.99251358,5.0
2517.jpeg,virus,0.9038743740000001,5.0
4327.jpeg,virus,0.9973494800000001,5.0
2052.jpeg,bacteria,0.86512239,4.0
4585.jpeg,virus,0.99279492,5.0
776.jpeg,normal,0.99622078,5.0
3338.jpeg,virus,0.96864566,5.0
4514.jpeg,virus,0.96689588,5.0
4596.jpeg,bacteria,0.9712905,5.0
371.jpeg,normal,0.9956244200000001,5.0
5073.jpeg,bacteria,0.939386832,5.0
139.jpeg,normal,0.9953921400000001,5.0
4937.jpeg,virus,0.9979943280000001,5.0
955.jpeg,normal,0.997130514,5.0
196.jpeg,normal,0.9982749399999999,5.0
4150.jpeg,normal,0.98432152,5.0
3753.jpeg,bacteria,0.9887634000000001,5.0
5732.jpeg,bacteria,0.99595904,5.0
4799.jpeg,bacteria,0.99156716,5.0
18.jpeg,COVID-19,0.848285708,4.0
4496.jpeg,virus,0.998573792,5.0
4154.jpeg,bacteria,0.99767452,5.0
2116.jpeg,bacteria,0.9935776199999999,5.0
2722.jpeg,bacteria,0.9980463199999999,5.0
5887.jpeg,virus,0.99555848,5.0
4679.jpeg,bacteria,0.9959680200000001,5.0
3055.jpeg,bacteria,0.99748146,5.0
4575.jpeg,bacteria,0.99567428,5.0
5716.jpeg,bacteria,0.99617404,5.0
2136.jpeg,bacteria,0.98672526,5.0
996.jpeg,normal,0.998426866,5.0
2794.jpeg,bacteria,0.96880635,5.0
449.jpeg,normal,0.9908226599999999,5.0
2162.jpeg,virus,0.8895425920000001,4.0
111.jpeg,normal,0.998035372,5.0
2335.jpeg,bacteria,0.9538411200000001,5.0
4837.jpeg,virus,0.99350808,5.0
980.jpeg,normal,0.922370266,5.0
793.jpeg,normal,0.9988848600000001,5.0
4128.jpeg,bacteria,0.995937788,5.0
4690.jpeg,bacteria,0.9952053660000001,5.0
4622.jpeg,bacteria,0.9954351899999999,5.0
537.jpeg,normal,0.9945673700000001,5.0
5483.jpeg,normal,0.9960502800000001,5.0
958.jpeg,normal,0.9967708,5.0
5023.jpeg,bacteria,0.9913194539999999,5.0
5875.jpeg,virus,0.994209648,5.0
4645.jpeg,virus,0.997406972,5.0
4863.jpeg,bacteria,0.99335928,5.0
5262.jpeg,bacteria,0.9906402400000001,5.0
20.jpeg,COVID-19,0.970521128,5.0
2980.jpeg,bacteria,0.9979587600000001,5.0
5286.jpeg,normal,0.9983245499999999,5.0
2454.jpeg,virus,0.9949918999999999,5.0
4944.jpeg,bacteria,0.926644874,5.0
1440.jpeg,bacteria,0.99215044,5.0
4362.jpeg,bacteria,0.9953981200000002,5.0
1983.jpeg,bacteria,0.9951051599999999,5.0
2308.jpeg,virus,0.9949729999999999,5.0
575.jpeg,normal,0.9926461200000001,5.0
5381.jpeg,normal,0.9950594800000001,5.0
22.jpeg,COVID-19,0.9419796,5.0
5788.jpeg,virus,0.99817146,5.0
1303.jpeg,normal,0.9924676399999999,5.0
3978.jpeg,virus,0.93453268,5.0
3589.jpeg,bacteria,0.9975197680000001,5.0
3618.jpeg,bacteria,0.9917085199999999,5.0
900.jpeg,normal,0.9985075800000001,5.0
5573.jpeg,bacteria,0.9972116119999999,5.0
3339.jpeg,bacteria,0.97778382,5.0
2144.jpeg,virus,0.8763316,5.0
2332.jpeg,virus,0.9887022599999999,5.0
826.jpeg,normal,0.9973767880000001,5.0
116.jpeg,normal,0.9982273100000001,5.0
874.jpeg,bacteria,0.9047651520000001,5.0
5329.jpeg,normal,0.996996188,5.0
3889.jpeg,bacteria,0.9958720400000001,5.0
2894.jpeg,bacteria,0.99684385,5.0
420.jpeg,normal,0.9977676859999999,5.0
5429.jpeg,virus,0.9931057400000001,5.0
4322.jpeg,virus,0.99076554,5.0
2716.jpeg,bacteria,0.99254748,5.0
5226.jpeg,bacteria,0.9981574200000001,5.0
4911.jpeg,bacteria,0.9899766079999999,5.0
1259.jpeg,normal,0.9957285200000001,5.0
519.jpeg,normal,0.9927371739999999,5.0
2286.jpeg,virus,0.9981363999999999,5.0
4367.jpeg,bacteria,0.9944233600000001,5.0
4560.jpeg,bacteria,0.9973983279999998,5.0
3958.jpeg,bacteria,0.95509988,5.0
287.jpeg,normal,0.9992504199999999,5.0
268.jpeg,normal,0.98885264,5.0
482.jpeg,normal,0.9985401859999999,5.0
4629.jpeg,bacteria,0.99286511,5.0
691.jpeg,normal,0.99664774,5.0
2234.jpeg,bacteria,0.9777278199999999,5.0
791.jpeg,normal,0.99661752,5.0
5539.jpeg,bacteria,0.99457469,5.0
3647.jpeg,bacteria,0.9962045079999999,5.0
856.jpeg,normal,0.99528344,5.0
5846.jpeg,bacteria,0.818677892,4.0
1007.jpeg,normal,0.997298694,5.0
3175.jpeg,bacteria,0.9959037900000001,5.0
1395.jpeg,normal,0.9979845879999999,5.0
2419.jpeg,bacteria,0.854654532,4.0
2918.jpeg,virus,0.99233648,5.0
565.jpeg,normal,0.996399652,5.0
2199.jpeg,virus,0.9947030299999999,5.0
5880.jpeg,virus,0.993529212,5.0
617.jpeg,normal,0.9939952139999999,5.0
4545.jpeg,bacteria,0.9795417000000001,5.0
324.jpeg,normal,0.9989359999999999,5.0
4675.jpeg,bacteria,0.997112012,5.0
4693.jpeg,bacteria,0.9743031739999999,5.0
4583.jpeg,bacteria,0.981284452,5.0
4598.jpeg,bacteria,0.9941836800000001,5.0
4751.jpeg,virus,0.9945125100000001,5.0
5709.jpeg,bacteria,0.9955991000000001,5.0
3328.jpeg,bacteria,0.9922344800000001,5.0
4951.jpeg,bacteria,0.9956562520000001,5.0
731.jpeg,normal,0.99702004,5.0
1031.jpeg,normal,0.99762777,5.0
3052.jpeg,bacteria,0.9979781400000001,5.0
349.jpeg,normal,0.9985934000000001,5.0
76.jpeg,normal,0.997575772,5.0
1012.jpeg,normal,0.996601808,5.0
4765.jpeg,bacteria,0.99701576,5.0
246.jpeg,normal,0.99935504,5.0
5319.jpeg,normal,0.9946203,5.0
4578.jpeg,bacteria,0.9969886599999999,5.0
5836.jpeg,virus,0.99880654,5.0
423.jpeg,normal,0.9982300000000001,5.0
3363.jpeg,bacteria,0.99386848,5.0
1047.jpeg,normal,0.991779506,5.0
1210.jpeg,normal,0.9972882860000001,5.0
5523.jpeg,virus,0.99758743,5.0
4632.jpeg,virus,0.9499369599999999,5.0
227.jpeg,normal,0.99846816,5.0
2525.jpeg,virus,0.990540492,5.0
51.jpg,COVID-19,0.96642024,5.0
428.jpeg,normal,0.9952366699999999,5.0
728.jpeg,normal,0.9980230800000001,5.0
618.jpeg,normal,0.99705098,5.0
5446.jpeg,virus,0.992953694,5.0
262.jpeg,normal,0.996736014,5.0
2907.jpeg,bacteria,0.90200963,5.0
3516.jpeg,bacteria,0.9967842100000001,5.0
5813.jpeg,virus,0.9981497879999999,5.0
4486.jpeg,bacteria,0.99047252,5.0
2663.jpeg,virus,0.8523603319999999,4.0
5020.jpeg,bacteria,0.99873348,5.0
3740.jpeg,virus,0.998066652,5.0
2556.jpeg,virus,0.96195096,5.0
944.jpeg,normal,0.9975851800000001,5.0
5517.jpeg,normal,0.9983399399999999,5.0
952.jpeg,normal,0.994587052,5.0
3907.jpeg,bacteria,0.995219492,5.0
5743.jpeg,bacteria,0.9958286279999999,5.0
3028.jpeg,virus,0.937810052,5.0
3593.jpeg,bacteria,0.9832898,5.0
1004.jpeg,normal,0.99965798,5.0
4762.jpeg,virus,0.9733689,5.0
5726.jpeg,bacteria,0.989309632,5.0
173.jpeg,normal,0.9968849200000001,5.0
2619.jpeg,virus,0.9808221939999999,5.0
3274.jpeg,bacteria,0.9970361999999999,5.0
486.jpeg,normal,0.99338484,5.0
2533.jpeg,virus,0.833186388,4.0
3342.jpeg,bacteria,0.9921871299999999,5.0
2300.jpeg,bacteria,0.99430712,5.0
1730.jpeg,virus,0.9988279600000001,5.0
4328.jpeg,bacteria,0.9966885399999998,5.0
4397.jpeg,virus,0.997182668,5.0
2934.jpeg,bacteria,0.994880032,5.0
3209.jpeg,virus,0.9973667259999999,5.0
4153.jpeg,bacteria,0.9935761700000001,5.0
3489.jpeg,bacteria,0.9986874199999999,5.0
5253.jpeg,normal,0.9939809399999999,5.0
3079.jpeg,bacteria,0.9932115320000001,5.0
3426.jpeg,bacteria,0.99266754,5.0
4961.jpeg,bacteria,0.9898481799999999,5.0
1763.jpeg,virus,0.99049432,5.0
1519.jpeg,bacteria,0.9786518799999999,5.0
5824.jpeg,virus,0.9434039719999999,5.0
2557.jpeg,bacteria,0.841862356,4.0
3307.jpeg,bacteria,0.8703210200000001,4.0
2990.jpeg,bacteria,0.99545926,5.0
1638.jpeg,bacteria,0.991758192,5.0
4191.jpeg,bacteria,0.99548657,5.0
1648.jpeg,bacteria,0.9979418599999998,5.0
1019.jpeg,normal,0.9948557499999999,5.0
5269.jpeg,bacteria,0.98922007,5.0
4428.jpeg,bacteria,0.9968390460000001,5.0
5352.jpeg,normal,0.99770668,5.0
3619.jpeg,virus,0.998757554,5.0
1400.jpeg,virus,0.9000123600000001,5.0
1184.jpeg,normal,0.99394168,5.0
3717.jpeg,normal,0.991594946,5.0
374.jpeg,normal,0.997328686,5.0
3317.jpeg,bacteria,0.9952844599999999,5.0
5506.jpeg,normal,0.874276626,4.0
5345.jpeg,normal,0.9955041,5.0
3805.jpeg,virus,0.9663872720000001,5.0
2988.jpeg,bacteria,0.971030868,5.0
1337.jpeg,normal,0.997905648,5.0
1793.jpeg,bacteria,0.9478629120000001,5.0
4411.jpeg,bacteria,0.9962659119999999,5.0
5773.jpeg,bacteria,0.998876274,5.0
3323.jpeg,bacteria,0.9836852,5.0
4359.jpeg,virus,0.836364054,4.0
995.jpeg,normal,0.9948008999999999,5.0
3464.jpeg,bacteria,0.99638884,5.0
3523.jpeg,bacteria,0.99560604,5.0
2530.jpeg,virus,0.92713556,5.0
1522.jpeg,bacteria,0.99553268,5.0
3966.jpeg,virus,0.9935637400000001,5.0
1206.jpeg,normal,0.99638735,5.0
5543.jpeg,bacteria,0.9919899000000001,5.0
4255.jpeg,virus,0.952731466,5.0
689.jpeg,normal,0.99658926,5.0
3188.jpeg,bacteria,0.94704113,5.0
2962.jpeg,bacteria,0.9844855899999999,5.0
5535.jpeg,virus,0.9914982999999999,5.0
5175.jpeg,bacteria,0.98140512,5.0
1932.jpeg,virus,0.99583683,5.0
912.jpeg,normal,0.9884133399999999,5.0
4500.jpeg,bacteria,0.9968912119999999,5.0
1431.jpeg,virus,0.9965811500000001,5.0
2645.jpeg,virus,0.9921110800000001,5.0
1194.jpeg,normal,0.99784892,5.0
1971.jpeg,bacteria,0.991745746,5.0
2407.jpeg,bacteria,0.96281408,5.0
1424.jpeg,bacteria,0.99676478,5.0
393.jpeg,normal,0.99315844,5.0
2596.jpeg,virus,0.861436576,4.0
5040.jpeg,bacteria,0.99776086,5.0
1032.jpeg,normal,0.9949020199999999,5.0
5378.jpeg,normal,0.91648804,5.0
775.jpeg,normal,0.9978429679999999,5.0
2228.jpeg,bacteria,0.98837508,5.0
3257.jpeg,bacteria,0.99181732,5.0
4933.jpeg,bacteria,0.9180915200000002,5.0
1056.jpeg,normal,0.99901862,5.0
1656.jpeg,virus,0.997920572,5.0
4077.jpeg,bacteria,0.9965485340000001,5.0
851.jpeg,normal,0.9987315299999999,5.0
171.jpeg,normal,0.99789346,5.0
630.jpeg,normal,0.9976404999999999,5.0
959.jpeg,normal,0.951321614,5.0
591.jpeg,normal,0.998083746,5.0
2913.jpeg,bacteria,0.9891283599999999,5.0
1008.jpeg,normal,0.99836388,5.0
5757.jpeg,bacteria,0.98890098,5.0
1173.jpeg,normal,0.9876210799999999,5.0
3044.jpeg,bacteria,0.997234308,5.0
2211.jpeg,virus,0.99781464,5.0
5615.jpeg,bacteria,0.98774798,5.0
1510.jpeg,virus,0.99418264,5.0
462.jpeg,normal,0.995424652,5.0
223.jpeg,normal,0.9846068800000001,5.0
5712.jpeg,bacteria,0.995106388,5.0
2898.jpeg,bacteria,0.99136716,5.0
4451.jpeg,bacteria,0.9970352200000001,5.0
1318.jpeg,normal,0.9970069,5.0
5094.jpeg,virus,0.99416142,5.0
5271.jpeg,virus,0.99457884,5.0
1740.jpeg,virus,0.96600234,5.0
725.jpeg,normal,0.994124234,5.0
5505.jpeg,normal,0.99798352,5.0
1995.jpeg,virus,0.9098570200000001,5.0
5115.jpeg,bacteria,0.9948674399999999,5.0
1566.jpeg,virus,0.993769074,5.0
352.jpeg,normal,0.96692964,5.0
4627.jpeg,virus,0.9984154000000001,5.0
362.jpeg,normal,0.97909316,5.0
3334.jpeg,bacteria,0.997627306,5.0
4830.jpeg,virus,0.99772086,5.0
2486.jpeg,bacteria,0.97922653,5.0
5207.jpeg,virus,0.9766101599999999,5.0
4003.jpeg,bacteria,0.9965891599999999,5.0
5638.jpeg,bacteria,0.9971763599999999,5.0
4229.jpeg,bacteria,0.99677639,5.0
3245.jpeg,bacteria,0.9801317,5.0
1822.jpeg,bacteria,0.995370626,5.0
5110.jpeg,bacteria,0.9935154199999999,5.0
945.jpeg,normal,0.9978752400000002,5.0
1857.jpeg,bacteria,0.991083312,5.0
452.jpeg,normal,0.99924372,5.0
2795.jpeg,virus,0.9985897999999999,5.0
3032.jpeg,bacteria,0.998570312,5.0
443.jpeg,normal,0.9987083200000001,5.0
558.jpeg,normal,0.99849478,5.0
5729.jpeg,bacteria,0.9960487600000001,5.0
2828.jpeg,virus,0.988285852,5.0
3929.jpeg,bacteria,0.964491546,5.0
3844.jpeg,bacteria,0.9945134400000001,5.0
5896.jpeg,virus,0.9696785099999999,5.0
1703.jpeg,bacteria,0.9916943899999999,5.0
5552.jpeg,bacteria,0.9424175,5.0
2365.jpeg,virus,0.9007789599999999,5.0
4392.jpeg,bacteria,0.98873775,5.0
2738.jpeg,virus,0.98014686,5.0
5624.jpeg,bacteria,0.9965531200000001,5.0
2366.jpeg,virus,0.9860378799999999,5.0
5197.jpeg,virus,0.8579576400000001,4.0
1498.jpeg,bacteria,0.9974833719999999,5.0
5068.jpeg,bacteria,0.96230862,5.0
14.jpeg,COVID-19,0.9810800799999999,5.0
5209.jpeg,virus,0.98939418,5.0
5504.jpeg,normal,0.99782598,5.0
5719.jpeg,bacteria,0.99425802,5.0
1682.jpeg,bacteria,0.9984046,5.0
3024.jpeg,bacteria,0.9970700000000001,5.0
594.jpeg,normal,0.99781718,5.0
2035.jpeg,virus,0.9634388399999999,5.0
101.jpeg,normal,0.99557162,5.0
1484.jpeg,bacteria,0.9973353859999999,5.0
1292.jpeg,normal,0.995528388,5.0
1575.jpeg,bacteria,0.986521446,5.0
586.jpeg,normal,0.99536464,5.0
4178.jpeg,bacteria,0.9968681399999999,5.0
3139.jpeg,bacteria,0.9954428400000002,5.0
2208.jpeg,bacteria,0.99122252,5.0
345.jpeg,normal,0.9971007199999999,5.0
4606.jpeg,virus,0.9917050119999999,5.0
57.jpeg,COVID-19,0.91308686,5.0
134.jpeg,normal,0.988423168,5.0
1092.jpeg,normal,0.99863937,5.0
1672.jpeg,virus,0.9913463119999999,5.0
4570.jpeg,bacteria,0.9907682600000001,5.0
4935.jpeg,bacteria,0.8420845440000001,4.0
2382.jpeg,bacteria,0.8878972879999999,4.0
861.jpeg,normal,0.998549008,5.0
4291.jpeg,bacteria,0.98411344,5.0
742.jpeg,normal,0.99320504,5.0
4461.jpeg,bacteria,0.95184426,5.0
4318.jpeg,bacteria,0.99564942,5.0
1990.jpeg,bacteria,0.9963583,5.0
982.jpeg,normal,0.9957930000000002,5.0
1143.jpeg,normal,0.996735668,5.0
3253.jpeg,bacteria,0.999010528,5.0
2993.jpeg,bacteria,0.9955974000000001,5.0
5370.jpeg,normal,0.998063588,5.0
5748.jpeg,bacteria,0.9971637720000001,5.0
5901.jpeg,virus,0.995674,5.0
302.jpeg,normal,0.9979459800000001,5.0
5812.jpeg,virus,0.9836263900000001,5.0
1715.jpeg,bacteria,0.99512268,5.0
3849.jpeg,bacteria,0.9970455600000001,5.0
3957.jpeg,bacteria,0.9953491400000001,5.0
5597.jpeg,bacteria,0.9804986119999999,5.0
848.jpeg,normal,0.99780172,5.0
3892.jpeg,virus,0.9987719540000001,5.0
4368.jpeg,virus,0.99779216,5.0
5075.jpeg,bacteria,0.9956883080000001,5.0
387.jpeg,normal,0.9959585000000001,5.0
5176.jpeg,bacteria,0.9991823,5.0
357.jpeg,normal,0.9961007119999999,5.0
3207.jpeg,bacteria,0.99165472,5.0
1154.jpeg,normal,0.996457148,5.0
2970.jpeg,bacteria,0.99629732,5.0
1174.jpeg,normal,0.99787468,5.0
4651.jpeg,bacteria,0.9955146599999999,5.0
5631.jpeg,bacteria,0.997287046,5.0
5102.jpeg,bacteria,0.9703844399999999,5.0
5576.jpeg,bacteria,0.9939797200000001,5.0
2997.jpeg,bacteria,0.99798108,5.0
469.jpeg,normal,0.9967326599999999,5.0
640.jpeg,normal,0.9984937800000001,5.0
3506.jpeg,bacteria,0.9973885299999999,5.0
5733.jpeg,bacteria,0.9738013600000001,5.0
2610.jpeg,virus,0.98982754,5.0
2113.jpeg,bacteria,0.9984285119999999,5.0
3388.jpeg,bacteria,0.995916068,5.0
1661.jpeg,bacteria,0.9935221999999999,5.0
3227.jpeg,virus,0.992131912,5.0
4002.jpeg,bacteria,0.9941906100000001,5.0
2463.jpeg,bacteria,0.996062208,5.0
5734.jpeg,bacteria,0.99219054,5.0
161.jpeg,normal,0.98778524,5.0
4251.jpeg,virus,0.9951931,5.0
150.jpeg,normal,0.991660214,5.0
4581.jpeg,bacteria,0.9583662499999999,5.0
5044.jpeg,bacteria,0.98006164,5.0
4649.jpeg,virus,0.9948429799999999,5.0
4788.jpeg,bacteria,0.996251952,5.0
440.jpeg,normal,0.99120056,5.0
2529.jpeg,virus,0.97420727,5.0
252.jpeg,normal,0.9971140399999999,5.0
891.jpeg,normal,0.99656094,5.0
3928.jpeg,bacteria,0.9621754880000001,5.0
3879.jpeg,bacteria,0.996603954,5.0
3305.jpeg,bacteria,0.98884408,5.0
3713.jpeg,bacteria,0.99617918,5.0
1256.jpeg,normal,0.9962786600000001,5.0
5774.jpeg,bacteria,0.99698192,5.0
277.jpeg,normal,0.9991493800000001,5.0
2594.jpeg,virus,0.9987756600000001,5.0
3478.jpeg,bacteria,0.99533316,5.0
707.jpeg,normal,0.99532802,5.0
1130.jpeg,normal,0.99747106,5.0
5617.jpeg,bacteria,0.99298372,5.0
506.jpeg,normal,0.996265006,5.0
4321.jpeg,bacteria,0.9973888200000001,5.0
1315.jpeg,normal,0.9975222699999999,5.0
4741.jpeg,bacteria,0.9865802,5.0
3475.jpeg,bacteria,0.9971382739999999,5.0
585.jpeg,normal,0.99804884,5.0
3752.jpeg,bacteria,0.9956465480000001,5.0
878.jpeg,normal,0.99783904,5.0
5577.jpeg,bacteria,0.9966223599999999,5.0
2201.jpeg,virus,0.977361608,5.0
556.jpeg,normal,0.99508162,5.0
599.jpeg,normal,0.999222052,5.0
3264.jpeg,bacteria,0.995527208,5.0
2605.jpeg,virus,0.993950688,5.0
5127.jpeg,virus,0.97767334,5.0
1375.jpeg,normal,0.960432612,5.0
3069.jpeg,bacteria,0.994134212,5.0
3191.jpeg,bacteria,0.976769232,5.0
1769.jpeg,virus,0.9958645199999999,5.0
310.jpeg,normal,0.99586682,5.0
1757.jpeg,bacteria,0.99800754,5.0
28.jpeg,COVID-19,0.9167529999999999,5.0
82.jpeg,normal,0.9958409899999999,5.0
392.jpeg,normal,0.9982114079999999,5.0
3470.jpeg,bacteria,0.997943008,5.0
4480.jpeg,bacteria,0.99685144,5.0
5588.jpeg,bacteria,0.99587723,5.0
3043.jpeg,bacteria,0.9983883600000001,5.0
5414.jpeg,normal,0.9969084,5.0
1121.jpeg,normal,0.9972674999999999,5.0
3574.jpeg,virus,0.994015134,5.0
380.jpeg,normal,0.9944355139999999,5.0
860.jpeg,normal,0.9965112919999999,5.0
4204.jpeg,bacteria,0.9914299719999999,5.0
2943.jpeg,bacteria,0.99814483,5.0
473.jpeg,normal,0.9956241479999999,5.0
4395.jpeg,bacteria,0.9914542080000001,5.0
218.jpeg,normal,0.9974205399999999,5.0
701.jpeg,normal,0.99610213,5.0
2731.jpeg,bacteria,0.819770578,4.0
2752.jpeg,bacteria,0.98888832,5.0
5067.jpeg,bacteria,0.98939811,5.0
3993.jpeg,bacteria,0.99529239,5.0
2322.jpeg,bacteria,0.9535615679999999,5.0
5491.jpeg,normal,0.9975868,5.0
60.jpeg,normal,0.995124114,5.0
4447.jpeg,bacteria,0.9949805599999999,5.0
1944.jpeg,virus,0.99346994,5.0
4584.jpeg,bacteria,0.99726782,5.0
5755.jpeg,bacteria,0.998496294,5.0
3595.jpeg,bacteria,0.9930526399999999,5.0
925.jpeg,normal,0.9969285400000001,5.0
4567.jpeg,virus,0.894396996,4.0
752.jpeg,normal,0.9908668800000001,5.0
5290.jpeg,normal,0.998717808,5.0
2475.jpeg,bacteria,0.99004947,5.0
3923.jpeg,bacteria,0.996357334,5.0
5892.jpeg,virus,0.9964151600000001,5.0
2796.jpeg,bacteria,0.99484908,5.0
1681.jpeg,virus,0.999450528,5.0
4940.jpeg,bacteria,0.9892659,5.0
3534.jpeg,bacteria,0.994301928,5.0
1470.jpeg,normal,0.834119686,4.0
4761.jpeg,bacteria,0.99701631,5.0
2940.jpeg,virus,0.9936376339999999,5.0
3800.jpeg,bacteria,0.92476765,5.0
5838.jpeg,virus,0.99312986,5.0
784.jpeg,normal,0.99677314,5.0
2313.jpeg,virus,0.99723568,5.0
516.jpeg,normal,0.996197212,5.0
950.jpeg,normal,0.99726328,5.0
3938.jpeg,bacteria,0.9958316,5.0
3547.jpeg,bacteria,0.9975289459999999,5.0
4843.jpeg,virus,0.9970587999999999,5.0
4124.jpeg,bacteria,0.9964427,5.0
1088.jpeg,normal,0.99724964,5.0
307.jpeg,normal,0.9948745200000001,5.0
4221.jpeg,bacteria,0.9603659199999999,5.0
4914.jpeg,bacteria,0.99563498,5.0
3009.jpeg,bacteria,0.98615628,5.0
4384.jpeg,bacteria,0.980945874,5.0
2392.jpeg,bacteria,0.9079461099999999,5.0
261.jpeg,normal,0.9954829000000001,5.0
4464.jpeg,bacteria,0.98638358,5.0
2679.jpeg,virus,0.9971122600000001,5.0
2976.jpeg,bacteria,0.9773411519999999,5.0
4156.jpeg,virus,0.9967084400000001,5.0
5587.jpeg,bacteria,0.9933653119999999,5.0
2267.jpeg,bacteria,0.9816961880000001,5.0
2252.jpeg,bacteria,0.9948410599999999,5.0
5126.jpeg,bacteria,0.981722092,5.0
1316.jpeg,normal,0.9975938079999999,5.0
2824.jpeg,bacteria,0.9940762,5.0
3082.jpeg,bacteria,0.9815386799999999,5.0
3053.jpeg,bacteria,0.9951629279999998,5.0
1467.jpeg,bacteria,0.99441782,5.0
5105.jpeg,virus,0.99709556,5.0
3599.jpeg,bacteria,0.99723472,5.0
3351.jpeg,bacteria,0.9628699660000001,5.0
5476.jpeg,normal,0.990503728,5.0
2121.jpeg,bacteria,0.99738133,5.0
396.jpeg,normal,0.99576099,5.0
3779.jpeg,bacteria,0.99475124,5.0
692.jpeg,normal,0.9844244400000001,5.0
5010.jpeg,bacteria,0.996092212,5.0
5240.jpeg,bacteria,0.99647042,5.0
2504.jpeg,virus,0.819692416,4.0
2626.jpeg,bacteria,0.911253106,5.0
5140.jpeg,bacteria,0.9982325079999999,5.0
4662.jpeg,bacteria,0.9919684799999999,5.0
2068.jpeg,bacteria,0.98198595,5.0
4924.jpeg,bacteria,0.9812517,5.0
5785.jpeg,virus,0.999288452,5.0
2717.jpeg,virus,0.987771428,5.0
628.jpeg,normal,0.99858884,5.0
3394.jpeg,bacteria,0.99678117,5.0
4985.jpeg,bacteria,0.9662020800000001,5.0
4653.jpeg,virus,0.9838555339999999,5.0
3341.jpeg,bacteria,0.99545998,5.0
1737.jpeg,virus,0.99959036,5.0
2448.jpeg,bacteria,0.90782048,5.0
3440.jpeg,bacteria,0.9974195120000001,5.0
2706.jpeg,bacteria,0.9700812400000001,5.0
5450.jpeg,virus,0.99608334,5.0
4042.jpeg,bacteria,0.9965662999999999,5.0
3488.jpeg,virus,0.99948888,5.0
5123.jpeg,virus,0.99679929,5.0
3818.jpeg,bacteria,0.992904294,5.0
5417.jpeg,normal,0.9970437799999999,5.0
4247.jpeg,bacteria,0.99701372,5.0
5092.jpeg,bacteria,0.9975744719999999,5.0
2410.jpeg,bacteria,0.9844663600000001,5.0
2612.jpeg,bacteria,0.962065948,5.0
3321.jpeg,bacteria,0.834650734,4.0
3122.jpeg,bacteria,0.9925659299999999,5.0
3670.jpeg,virus,0.9517720199999999,5.0
1633.jpeg,bacteria,0.9935441199999999,5.0
2935.jpeg,bacteria,0.9958777,5.0
2501.jpeg,virus,0.99686378,5.0
5705.jpeg,bacteria,0.9954200799999999,5.0
3164.jpeg,virus,0.99613359,5.0
5500.jpeg,normal,0.993909132,5.0
1916.jpeg,virus,0.8644775920000001,4.0
915.jpeg,normal,0.9055862400000001,5.0
1445.jpeg,bacteria,0.99675096,5.0
547.jpeg,normal,0.991551232,5.0
1807.jpeg,virus,0.9613403999999999,5.0
5698.jpeg,bacteria,0.99679631,5.0
2547.jpeg,virus,0.9872859999999999,5.0
745.jpeg,normal,0.99882364,5.0
5879.jpeg,virus,0.9988856800000001,5.0
4071.jpeg,bacteria,0.9929613119999999,5.0
1298.jpeg,normal,0.997273528,5.0
1693.jpeg,virus,0.97916834,5.0
4442.jpeg,bacteria,0.9974008399999998,5.0
1129.jpeg,normal,0.99856228,5.0
1889.jpeg,bacteria,0.97477659,5.0
1288.jpeg,normal,0.9981248199999999,5.0
2676.jpeg,virus,0.87017214,4.0
4181.jpeg,bacteria,0.99306532,5.0
2345.jpeg,bacteria,0.9571401399999999,5.0
3345.jpeg,bacteria,0.9278354,5.0
4874.jpeg,bacteria,0.9903987520000002,5.0
356.jpeg,normal,0.9933520999999998,5.0
2781.jpeg,virus,0.98438128,5.0
113.jpeg,normal,0.9947282080000001,5.0
2353.jpeg,virus,0.9224837300000001,5.0
3969.jpeg,bacteria,0.9863030079999999,5.0
3005.jpeg,bacteria,0.9926899200000001,5.0
974.jpeg,normal,0.98380384,5.0
2010.jpeg,virus,0.9928734200000001,5.0
5099.jpeg,bacteria,0.9948287480000001,5.0
1909.jpeg,bacteria,0.837153056,4.0
2520.jpeg,bacteria,0.99616264,5.0
2125.jpeg,bacteria,0.9957022600000001,5.0
2772.jpeg,bacteria,0.976670432,5.0
4689.jpeg,bacteria,0.9956303720000002,5.0
4413.jpeg,virus,0.9969634199999999,5.0
118.jpeg,normal,0.9990830899999998,5.0
2713.jpeg,bacteria,0.9972452520000001,5.0
2966.jpeg,bacteria,0.9970427879999999,5.0
5833.jpeg,virus,0.9954030279999999,5.0
125.jpeg,normal,0.9956824400000001,5.0
5490.jpeg,bacteria,0.9898177,5.0
5779.jpeg,virus,0.9883861899999999,5.0
1428.jpeg,bacteria,0.982646632,5.0
2006.jpeg,bacteria,0.8519486799999999,4.0
4284.jpeg,bacteria,0.997182428,5.0
128.jpeg,normal,0.9957890859999999,5.0
2733.jpeg,bacteria,0.9544146399999999,5.0
4615.jpeg,bacteria,0.9913500199999999,5.0
5255.jpeg,virus,0.9948508740000002,5.0
5301.jpeg,normal,0.9897994879999998,5.0
1357.jpeg,normal,0.96986404,5.0
5230.jpeg,virus,0.99523574,5.0
1280.jpeg,normal,0.9976829519999999,5.0
390.jpeg,normal,0.9959154720000001,5.0
789.jpeg,normal,0.9978133920000001,5.0
2710.jpeg,bacteria,0.98699996,5.0
3990.jpeg,bacteria,0.9973034999999999,5.0
2131.jpeg,bacteria,0.994987428,5.0
3695.jpeg,virus,0.9945477,5.0
4186.jpeg,bacteria,0.9612862200000001,5.0
1015.jpeg,normal,0.9966808199999999,5.0
3728.jpeg,bacteria,0.9964394999999999,5.0
971.jpeg,normal,0.9955453999999999,5.0
195.jpeg,normal,0.9991237,5.0
1813.jpeg,bacteria,0.9980368800000001,5.0
837.jpeg,normal,0.9947647,5.0
808.jpeg,normal,0.99785804,5.0
4276.jpeg,virus,0.9954217200000001,5.0
4356.jpeg,bacteria,0.99723392,5.0
3325.jpeg,bacteria,0.9962437,5.0
4120.jpeg,bacteria,0.9951216800000001,5.0
3074.jpeg,bacteria,0.9913049700000001,5.0
3326.jpeg,bacteria,0.9958227000000001,5.0
5224.jpeg,bacteria,0.99216144,5.0
2509.jpeg,bacteria,0.9888772720000001,5.0
1491.jpeg,bacteria,0.99028214,5.0
673.jpeg,normal,0.9962566500000001,5.0
5111.jpeg,bacteria,0.9946135,5.0
3521.jpeg,bacteria,0.9712940700000001,5.0
3389.jpeg,bacteria,0.996680128,5.0
2261.jpeg,virus,0.9949489119999999,5.0
38.jpeg,COVID-19,0.99720925,5.0
5243.jpeg,bacteria,0.9965004000000001,5.0
5144.jpeg,bacteria,0.93989495,5.0
1462.jpeg,bacteria,0.9225572599999999,5.0
542.jpeg,normal,0.9984920599999999,5.0
4702.jpeg,bacteria,0.9946447599999999,5.0
3023.jpeg,bacteria,0.98994329,5.0
408.jpeg,normal,0.998195112,5.0
4355.jpeg,bacteria,0.9989352,5.0
5173.jpeg,bacteria,0.99626366,5.0
242.jpeg,normal,0.997606348,5.0
515.jpeg,normal,0.996732568,5.0
4365.jpeg,bacteria,0.9966833600000001,5.0
3468.jpeg,bacteria,0.9940799200000001,5.0
885.jpeg,normal,0.9989242600000001,5.0
751.jpeg,normal,0.99824464,5.0
708.jpeg,normal,0.9792127199999999,5.0
3642.jpeg,bacteria,0.9857837679999999,5.0
2861.jpeg,bacteria,0.9902573459999999,5.0
1205.jpeg,normal,0.99706978,5.0
97.jpeg,normal,0.99601662,5.0
1059.jpeg,normal,0.9977573200000001,5.0
3332.jpeg,bacteria,0.99856736,5.0
697.jpeg,normal,0.9960459199999999,5.0
4056.jpeg,virus,0.9194119000000001,5.0
4345.jpeg,bacteria,0.9948907800000001,5.0
5070.jpeg,bacteria,0.9923548,5.0
999.jpeg,normal,0.9969576119999999,5.0
687.jpeg,normal,0.99509337,5.0
5300.jpeg,normal,0.9951266520000001,5.0
3935.jpeg,virus,0.993928,5.0
119.jpeg,normal,0.99723376,5.0
3997.jpeg,bacteria,0.99803736,5.0
3462.jpeg,bacteria,0.9982717000000001,5.0
3137.jpeg,bacteria,0.96318234,5.0
5265.jpeg,bacteria,0.99485188,5.0
4818.jpeg,bacteria,0.99485158,5.0
2902.jpeg,bacteria,0.9876493100000001,5.0
2314.jpeg,virus,0.99762982,5.0
3352.jpeg,bacteria,0.907207168,5.0
1339.jpeg,normal,0.997236,5.0
2434.jpeg,virus,0.8480588919999998,4.0
3675.jpeg,bacteria,0.99614209,5.0
3608.jpeg,virus,0.9785558099999999,5.0
1014.jpeg,normal,0.996519112,5.0
4852.jpeg,virus,0.99889454,5.0
895.jpeg,normal,0.99751518,5.0
1953.jpeg,bacteria,0.9815311600000001,5.0
5347.jpeg,normal,0.99787694,5.0
3954.jpeg,bacteria,0.9958175600000001,5.0
5439.jpeg,virus,0.997612012,5.0
4366.jpeg,bacteria,0.9986041199999999,5.0
2577.jpeg,virus,0.998555552,5.0
2941.jpeg,bacteria,0.99421873,5.0
2225.jpeg,virus,0.9973146679999999,5.0
2702.jpeg,bacteria,0.99762966,5.0
3411.jpeg,normal,0.841996258,4.0
5648.jpeg,bacteria,0.98929188,5.0
3802.jpeg,bacteria,0.988148128,5.0
3703.jpeg,bacteria,0.99670708,5.0
1989.jpeg,virus,0.9928902260000001,5.0
2523.jpeg,bacteria,0.8360425060000001,4.0
4786.jpeg,bacteria,0.9983284000000001,5.0
2816.jpeg,bacteria,0.993972086,5.0
1172.jpeg,normal,0.9975904400000001,5.0
3612.jpeg,bacteria,0.9941422939999999,5.0
901.jpeg,normal,0.99355607,5.0
4936.jpeg,bacteria,0.9954348679999999,5.0
2178.jpeg,virus,0.99253614,5.0
5654.jpeg,bacteria,0.99735724,5.0
5609.jpeg,bacteria,0.97276069,5.0
5832.jpeg,virus,0.9945842800000001,5.0
5586.jpeg,bacteria,0.9963334319999999,5.0
198.jpeg,normal,0.996683466,5.0
153.jpeg,normal,0.99690036,5.0
2864.jpeg,bacteria,0.9742797599999999,5.0
42.png,COVID-19,0.8680328599999999,4.0
3193.jpeg,bacteria,0.840252206,4.0
5519.jpeg,virus,0.9969685800000001,5.0
4954.jpeg,bacteria,0.99237394,5.0
405.jpeg,normal,0.9960027,5.0
2042.jpeg,bacteria,0.993181788,5.0
458.jpeg,normal,0.9982385279999999,5.0
3527.jpeg,bacteria,0.998717452,5.0
1880.jpeg,bacteria,0.99852736,5.0
4401.jpeg,bacteria,0.9955198519999999,5.0
131.jpeg,normal,0.9980798,5.0
614.jpeg,normal,0.98994342,5.0
114.jpeg,normal,0.9935720400000001,5.0
1490.jpeg,bacteria,0.9960329800000001,5.0
4816.jpeg,virus,0.9933904800000001,5.0
1596.jpeg,normal,0.9269138699999999,5.0
4501.jpeg,bacteria,0.95025374,5.0
453.jpeg,normal,0.9977620399999999,5.0
665.jpeg,normal,0.994029892,5.0
1675.jpeg,virus,0.995235168,5.0
4338.jpeg,bacteria,0.9967401600000001,5.0
4425.jpeg,virus,0.990340948,5.0
5471.jpeg,normal,0.9500789519999999,5.0
4155.jpeg,bacteria,0.9854636400000001,5.0
4117.jpeg,virus,0.9744070520000001,5.0
2237.jpeg,virus,0.8316136180000001,4.0
3047.jpeg,bacteria,0.99751032,5.0
571.jpeg,normal,0.99878136,5.0
251.jpeg,normal,0.999238372,5.0
2062.jpeg,virus,0.99341282,5.0
1997.jpeg,bacteria,0.9661166800000001,5.0
4484.jpeg,bacteria,0.9832087399999999,5.0
2811.jpeg,bacteria,0.9601639859999999,5.0
228.jpeg,normal,0.99499203,5.0
2040.jpeg,virus,0.995204294,5.0
4360.jpeg,bacteria,0.99771024,5.0
3416.jpeg,bacteria,0.9656716700000001,5.0
2689.jpeg,bacteria,0.9943258,5.0
3512.jpeg,bacteria,0.9973683720000001,5.0
4403.jpeg,bacteria,0.9876949660000001,5.0
3250.jpeg,bacteria,0.973628926,5.0
3959.jpeg,bacteria,0.9935402400000001,5.0
1405.jpeg,bacteria,0.99719792,5.0
3181.jpeg,bacteria,0.9783816599999999,5.0
2021.jpeg,bacteria,0.99806466,5.0
4008.jpeg,bacteria,0.996292126,5.0
5823.jpeg,virus,0.99542676,5.0
5843.jpeg,bacteria,0.9935743,5.0
1759.jpeg,virus,0.993815434,5.0
1313.jpeg,normal,0.99709508,5.0
2212.jpeg,bacteria,0.993488634,5.0
4906.jpeg,bacteria,0.99598762,5.0
3020.jpeg,bacteria,0.9955584999999999,5.0
3048.jpeg,bacteria,0.997177494,5.0
2057.jpeg,bacteria,0.9956717600000001,5.0
1049.jpeg,normal,0.9945872,5.0
2453.jpeg,bacteria,0.9868351799999999,5.0
1604.jpeg,bacteria,0.99559888,5.0
3998.jpeg,bacteria,0.9970138000000001,5.0
3441.jpeg,bacteria,0.995992768,5.0
2789.jpeg,virus,0.98492474,5.0
5889.jpeg,virus,0.9949654599999999,5.0
5403.jpeg,normal,0.9954729199999999,5.0
2045.jpeg,bacteria,0.9823705,5.0
5878.jpeg,virus,0.9979206399999999,5.0
3577.jpeg,bacteria,0.97502017,5.0
1937.jpeg,bacteria,0.9944007599999999,5.0
3428.jpeg,bacteria,0.9976889800000001,5.0
4885.jpeg,normal,0.99267188,5.0
5074.jpeg,virus,0.9899845199999999,5.0
3131.jpeg,bacteria,0.9782630319999999,5.0
960.jpeg,normal,0.9968441200000001,5.0
815.jpeg,normal,0.9989988799999999,5.0
4967.jpeg,bacteria,0.9834662919999999,5.0
773.jpeg,normal,0.98150216,5.0
3922.jpeg,bacteria,0.9935877,5.0
3594.jpeg,bacteria,0.9950207719999999,5.0
1709.jpeg,bacteria,0.997392452,5.0
562.jpeg,normal,0.9990736200000001,5.0
1346.jpeg,normal,0.99769022,5.0
2087.jpeg,bacteria,0.99643134,5.0
2931.jpeg,bacteria,0.99128054,5.0
3419.jpeg,bacteria,0.99693866,5.0
2633.jpeg,virus,0.9920166399999999,5.0
2960.jpeg,bacteria,0.9982247120000001,5.0
250.jpeg,normal,0.99634108,5.0
2384.jpeg,bacteria,0.9107524,5.0
3891.jpeg,virus,0.9032715,5.0
1816.jpeg,bacteria,0.9941796199999999,5.0
1069.jpeg,normal,0.999243628,5.0
5682.jpeg,bacteria,0.99811326,5.0
3240.jpeg,virus,0.894293798,5.0
2586.jpeg,virus,0.8801197460000001,4.0
882.jpeg,normal,0.9968876999999999,5.0
3648.jpeg,bacteria,0.9968692600000001,5.0
2514.jpeg,bacteria,0.9969238879999999,5.0
2085.jpeg,bacteria,0.996391,5.0
1573.jpeg,bacteria,0.99637972,5.0
2840.jpeg,bacteria,0.997534108,5.0
1003.jpeg,normal,0.9962502000000001,5.0
5568.jpeg,bacteria,0.9965568600000001,5.0
3186.jpeg,bacteria,0.88719806,4.0
589.jpeg,normal,0.9992445700000001,5.0
4523.jpeg,virus,0.99447702,5.0
2203.jpeg,bacteria,0.938907648,5.0
1208.jpeg,normal,0.99789218,5.0
4680.jpeg,bacteria,0.99731568,5.0
2916.jpeg,virus,0.9944509499999998,5.0
3790.jpeg,bacteria,0.99515736,5.0
1864.jpeg,bacteria,0.98187582,5.0
4784.jpeg,bacteria,0.99696462,5.0
2441.jpeg,bacteria,0.9935916600000001,5.0
296.jpeg,normal,0.9983295200000001,5.0
4048.jpeg,bacteria,0.867278904,4.0
1140.jpeg,normal,0.99667946,5.0
977.jpeg,normal,0.99510548,5.0
1236.jpeg,normal,0.99781667,5.0
3650.jpeg,bacteria,0.994476366,5.0
5474.jpeg,normal,0.99543351,5.0
232.jpeg,normal,0.99943521,5.0
1924.jpeg,virus,0.9967651719999999,5.0
3722.jpeg,bacteria,0.96088314,5.0
5775.jpeg,bacteria,0.996069754,5.0
597.jpeg,normal,0.9960931540000001,5.0
5239.jpeg,virus,0.9965485340000001,5.0
1272.jpeg,normal,0.9962626699999999,5.0
4036.jpeg,bacteria,0.9555538200000001,5.0
4277.jpeg,bacteria,0.9962832200000001,5.0
84.jpeg,normal,0.9841293999999999,5.0
3382.jpeg,bacteria,0.9949308880000001,5.0
2386.jpeg,bacteria,0.9955464599999999,5.0
5217.jpeg,bacteria,0.9930109500000001,5.0
962.jpeg,normal,0.9986846400000001,5.0
1203.jpeg,normal,0.9978164920000001,5.0
1615.jpeg,virus,0.99758362,5.0
264.jpeg,normal,0.9960479799999999,5.0
4272.jpeg,bacteria,0.9933141400000001,5.0
5459.jpeg,normal,0.99380036,5.0
838.jpeg,normal,0.9976509800000001,5.0
1421.jpeg,bacteria,0.99757188,5.0
735.jpeg,normal,0.99797154,5.0
5436.jpeg,virus,0.852166306,4.0
5320.jpeg,normal,0.99837192,5.0
1363.jpeg,virus,0.9834010799999999,5.0
4907.jpeg,bacteria,0.9980737600000001,5.0
1877.jpeg,bacteria,0.997559214,5.0
2880.jpeg,bacteria,0.9016194399999999,5.0
3767.jpeg,bacteria,0.9970305400000001,5.0
4902.jpeg,virus,0.9889938,5.0
1051.jpeg,normal,0.9962354,5.0
5090.jpeg,virus,0.9983943459999999,5.0
5228.jpeg,bacteria,0.9983419299999999,5.0
1447.jpeg,bacteria,0.99653958,5.0
3778.jpeg,bacteria,0.99650242,5.0
1848.jpeg,bacteria,0.9598107200000001,5.0
1869.jpeg,virus,0.91117154,5.0
4314.jpeg,bacteria,0.9971281000000001,5.0
5160.jpeg,bacteria,0.99656247,5.0
4112.jpeg,bacteria,0.9834205199999999,5.0
740.jpeg,normal,0.9936465739999999,5.0
5072.jpeg,bacteria,0.97780164,5.0
2899.jpeg,virus,0.9975884799999999,5.0
3798.jpeg,bacteria,0.99520896,5.0
2181.jpeg,bacteria,0.8219327048,4.0
1770.jpeg,bacteria,0.997381448,5.0
4743.jpeg,bacteria,0.9919333699999999,5.0
715.jpeg,normal,0.99797142,5.0
2480.jpeg,virus,0.9975134600000001,5.0
1772.jpeg,virus,0.9949835,5.0
650.jpeg,normal,0.9921481719999999,5.0
5174.jpeg,bacteria,0.98957164,5.0
1458.jpeg,bacteria,0.8224868312,4.0
3493.jpeg,bacteria,0.9863759599999999,5.0
263.jpeg,normal,0.99487308,5.0
5560.jpeg,bacteria,0.9964927320000001,5.0
3132.jpeg,bacteria,0.92749102,5.0
1225.jpeg,normal,0.99607048,5.0
3089.jpeg,bacteria,0.9955004800000001,5.0
47.png,COVID-19,0.880297356,4.0
3437.jpeg,bacteria,0.9501753340000001,5.0
1678.jpeg,bacteria,0.99778394,5.0
572.jpeg,normal,0.9932260599999999,5.0
889.jpeg,normal,0.9945774679999999,5.0
3368.jpeg,bacteria,0.9966755599999999,5.0
1753.jpeg,virus,0.9935188540000001,5.0
4122.jpeg,virus,0.9962168339999999,5.0
987.jpeg,normal,0.9942926599999999,5.0
5231.jpeg,bacteria,0.99817296,5.0
4688.jpeg,virus,0.9848544799999999,5.0
4374.jpeg,bacteria,0.9975687799999999,5.0
5551.jpeg,bacteria,0.98908878,5.0
1095.jpeg,normal,0.9969661479999999,5.0
4749.jpeg,bacteria,0.997794568,5.0
3807.jpeg,bacteria,0.9983671199999999,5.0
74.jpeg,normal,0.99716816,5.0
388.jpeg,normal,0.9762278200000001,5.0
766.jpeg,normal,0.99739242,5.0
492.jpeg,normal,0.9981625919999999,5.0
4813.jpeg,virus,0.9975932719999999,5.0
1562.jpeg,virus,0.98632244,5.0
2389.jpeg,bacteria,0.99680566,5.0
422.jpeg,normal,0.99628426,5.0
4992.jpeg,bacteria,0.99724809,5.0
5028.jpeg,bacteria,0.824919238,4.0
4148.jpeg,virus,0.989177286,5.0
1436.jpeg,bacteria,0.9974104199999999,5.0
4767.jpeg,bacteria,0.98823732,5.0
